product_id,product_name,brand_name,price_usd,ingredients,highlights,reviews,primary_category,secondary_category,tertiary_category
P900001,Cloud Water Gel Moisturizer,Dewpoint Labs,38.0,"['Water, Glycerin, Niacinamide, Sodium Hyaluronate, Carbomer, Phenoxyethanol']","['Fragrance Free', 'Oil Free', 'Vegan']",18,Skincare,Moisturizers,Moisturizers
P900002,Barrier Rescue Rich Cream,Dewpoint Labs,52.0,"['Water, Caprylic/Capric Triglyceride, Shea Butter, Glycerin, Cetearyl Alcohol, Squalane, Ceramide NP, Phenoxyethanol']","['Fragrance Free', 'Vegan']",23,Skincare,Moisturizers,Moisturizers
P900003,Daily Dew Oil-Free Gel,Lumen Botanics,28.0,"['Water, Glycerin, Niacinamide, Sodium Hyaluronate, Carbomer, Phenoxyethanol, Fragrance/Parfum, Linalool, Limonene']","['Oil Free', 'Clean at Sephora']",15,Skincare,Moisturizers,Moisturizers
P900004,Velvet Night Repair Cream,Lumen Botanics,68.0,"['Water, Caprylic/Capric Triglyceride, Shea Butter, Glycerin, Cetearyl Alcohol, Squalane, Ceramide NP, Phenoxyethanol, Fragrance/Parfum, Linalool, Limonene']",['Good for: Dryness'],19,Skincare,Moisturizers,Moisturizers
P900005,Oat Milk Comfort Cream,Oat & Ember,24.0,"['Water, Caprylic/Capric Triglyceride, Shea Butter, Glycerin, Cetearyl Alcohol, Squalane, Ceramide NP, Phenoxyethanol']","['Fragrance Free', 'Good for: Dryness']",27,Skincare,Moisturizers,Moisturizers
P900006,Whipped Hydration Gel-Cream,Oat & Ember,26.0,"['Water, Glycerin, Niacinamide, Sodium Hyaluronate, Carbomer, Phenoxyethanol, Fragrance/Parfum, Linalool, Limonene']","['Oil Free', 'Good for: Dryness']",18,Skincare,Moisturizers,Moisturizers
P900007,Ceramide Cushion Moisturizer,Harbor & Fern,45.0,"['Water, Caprylic/Capric Triglyceride, Shea Butter, Glycerin, Cetearyl Alcohol, Squalane, Ceramide NP, Phenoxyethanol']","['Fragrance Free', 'Vegan']",16,Skincare,Moisturizers,Moisturizers
P900008,Glacier Water Cream,Harbor & Fern,42.0,"['Water, Glycerin, Niacinamide, Sodium Hyaluronate, Carbomer, Phenoxyethanol, Fragrance/Parfum, Linalool, Limonene']","['Oil Free', 'Vegan']",25,Skincare,Moisturizers,Moisturizers
P900009,Midnight Balm Moisturizer,Kinso Skin,85.0,"['Water, Caprylic/Capric Triglyceride, Shea Butter, Glycerin, Cetearyl Alcohol, Squalane, Ceramide NP, Phenoxyethanol, Fragrance/Parfum, Linalool, Limonene']",['Hyaluronic Acid'],18,Skincare,Moisturizers,Moisturizers
P900010,Featherlight Daily Lotion,Kinso Skin,55.0,"['Water, Glycerin, Niacinamide, Sodium Hyaluronate, Carbomer, Phenoxyethanol']","['Fragrance Free', 'Oil Free', 'Vegan']",19,Skincare,Moisturizers,Moisturizers
P900011,Marula Face Oil,Velda,48.0,"['Water, Caprylic/Capric Triglyceride, Shea Butter, Glycerin, Cetearyl Alcohol, Squalane, Ceramide NP, Phenoxyethanol, Fragrance/Parfum, Linalool, Limonene']",['Vegan'],16,Skincare,Moisturizers,Face Oils
P900012,Hydra Jelly Moisturizer,Velda,32.0,"['Water, Glycerin, Niacinamide, Sodium Hyaluronate, Carbomer, Phenoxyethanol']","['Fragrance Free', 'Oil Free', 'Vegan']",19,Skincare,Moisturizers,Moisturizers
P900013,Deep Clean Foaming Wash,Kinso Skin,30.0,"['Water, Sodium Laureth Sulfate, Glycerin, Cocamidopropyl Betaine, Coco-Glucoside, Citric Acid, Phenoxyethanol, Fragrance/Parfum, Linalool, Limonene']",['Good for: Dryness'],21,Skincare,Cleansers,Face Wash & Cleansers
P900014,Gentle Milk Cleanser,Oat & Ember,18.0,"['Water, Glycerin, Cocamidopropyl Betaine, Coco-Glucoside, Citric Acid, Phenoxyethanol']","['Fragrance Free', 'Sulfate-free', 'Good for: Dryness']",26,Skincare,Cleansers,Face Wash & Cleansers
P900015,Clarifying Gel Cleanser,Lumen Botanics,26.0,"['Water, Sodium Laureth Sulfate, Glycerin, Cocamidopropyl Betaine, Coco-Glucoside, Citric Acid, Phenoxyethanol']","['Fragrance Free', 'Vegan']",21,Skincare,Cleansers,Face Wash & Cleansers
P900016,Cloud Cream Cleanser,Dewpoint Labs,29.0,"['Water, Glycerin, Cocamidopropyl Betaine, Coco-Glucoside, Citric Acid, Phenoxyethanol']","['Fragrance Free', 'Sulfate-free', 'Good for: Dryness']",19,Skincare,Cleansers,Face Wash & Cleansers
